{"rough":{"work_speed":900.0591855232816, "cut_depth": 0.9999331167571736, "wheel_speed": 10.000011314528864}, "r_passes": 1, "finish": {"work_speed":120.16285912040235, "cut_depth": 0.9901345084987803, "wheel_speed": 69.99559205516401},"result0": {"rough":{"work_speed":800.0, "cut_depth": 0.5, "wheel_speed": 50.0}, "r_passes": 4, "finish": {"work_speed":700.0, "cut_depth": 0.5, "wheel_speed": 60.0}} ,"population": []}